source_url,canonical_url,title,description,text_snippet,fetched_with
https://www.shl.com/products/product-catalog/,https://www.shl.com/products/product-catalog/,Talent Assessments Catalog | SHL,"Browse through our product assessment catalog for unrivalled employee assessments that evaluate cognitive ability, personality, behavior, skills, and more.","We are committed to providing you with a productive and privacy-friendly website experience. Like most websites you visit, third parties, authorized by us, place cookies on your computer browser for tasks like keeping track of your viewing preferences, personalizing content, allowing you to view videos and share content via social media sites, and collecting site analytics to help us understand how our site is used. You can review and opt out of our cookies using the 'Show details' tab and checkboxes below. By clicking 'OK' you are opting in to the described cookie usage. View our full SHL Privacy Statement or SHL Cookie Policy Some of the data collected by this provider is for the purposes of personalization and measuring advertising effectiveness. Some of the data collected by this provider is for the purposes of personalization and measuring advertising effectiveness. Some of the data collected by this provider is for the purposes of personalization and measuring advertising effectiveness. Some of the data collected by this provider is for the purposes of personalization and measuring advertising effectiveness. Cookies are small text files that can be used by websites to make a user's experience more efficient. The law states that we can store cookies on your device if they are strictly necessary for the operation of this site. For all other types of cookies, we need your permission. This site uses different types of cookies. Some cookies are placed by third-party services that appear on our pages. Learn more about who we are, how you can contact us, and how we process personal data in our Privacy Policy . We recommend upgrading to a modern browser. If you choose to continue with your current browser we cannot guarantee your experience. Latest browser options Looking to discover more about SHL’s broader solution offerings, rather than browsing this assessments catalog? See Our Solutions",playwright
https://www.shl.com/products/360/,https://www.shl.com/products/360/,360 Tools | SHL,"Make strategic employee decisions with confidence and identify development gaps by gathering on-demand, 360-degree feedback from multiple stakeholders.","We are committed to providing you with a productive and privacy-friendly website experience. Like most websites you visit, third parties, authorized by us, place cookies on your computer browser for tasks like keeping track of your viewing preferences, personalizing content, allowing you to view videos and share content via social media sites, and collecting site analytics to help us understand how our site is used. You can review and opt out of our cookies using the 'Show details' tab and checkboxes below. By clicking 'OK' you are opting in to the described cookie usage. View our full SHL Privacy Statement or SHL Cookie Policy Some of the data collected by this provider is for the purposes of personalization and measuring advertising effectiveness. Some of the data collected by this provider is for the purposes of personalization and measuring advertising effectiveness. Some of the data collected by this provider is for the purposes of personalization and measuring advertising effectiveness. Some of the data collected by this provider is for the purposes of personalization and measuring advertising effectiveness. Cookies are small text files that can be used by websites to make a user's experience more efficient. The law states that we can store cookies on your device if they are strictly necessary for the operation of this site. For all other types of cookies, we need your permission. This site uses different types of cookies. Some cookies are placed by third-party services that appear on our pages. Learn more about who we are, how you can contact us, and how we process personal data in our Privacy Policy . We recommend upgrading to a modern browser. If you choose to continue with your current browser we cannot guarantee your experience. Latest browser options SHL 360 Speak With Our Team",playwright
https://www.shl.com/products/assessments/,https://www.shl.com/products/assessments/,Talent Assessment | Recruitment Assessment Tool | SHL,Our unmatched portfolio of talent assessment tools helps you to clearly map employees and their skills to specific business needs and outcomes.,"We are committed to providing you with a productive and privacy-friendly website experience. Like most websites you visit, third parties, authorized by us, place cookies on your computer browser for tasks like keeping track of your viewing preferences, personalizing content, allowing you to view videos and share content via social media sites, and collecting site analytics to help us understand how our site is used. You can review and opt out of our cookies using the 'Show details' tab and checkboxes below. By clicking 'OK' you are opting in to the described cookie usage. View our full SHL Privacy Statement or SHL Cookie Policy Some of the data collected by this provider is for the purposes of personalization and measuring advertising effectiveness. Some of the data collected by this provider is for the purposes of personalization and measuring advertising effectiveness. Some of the data collected by this provider is for the purposes of personalization and measuring advertising effectiveness. Some of the data collected by this provider is for the purposes of personalization and measuring advertising effectiveness. Cookies are small text files that can be used by websites to make a user's experience more efficient. The law states that we can store cookies on your device if they are strictly necessary for the operation of this site. For all other types of cookies, we need your permission. This site uses different types of cookies. Some cookies are placed by third-party services that appear on our pages. Learn more about who we are, how you can contact us, and how we process personal data in our Privacy Policy . We recommend upgrading to a modern browser. If you choose to continue with your current browser we cannot guarantee your experience. Latest browser options Speak With Our Team Evaluate job-related behaviors, skills, and competencies with patented assessments developed by our 300+ people scientists to hire high-quality talent.",playwright
https://www.shl.com/products/assessments/skills-and-simulations/business-skills/,https://www.shl.com/products/assessments/skills-and-simulations/business-skills/,Business Skills Assessment Test | Computer Literacy Test | SHL,"With our computer literacy test, assess candidates' Microsoft Office proficiency, such as working with graphs and charts, creating presentations, and more.","We are committed to providing you with a productive and privacy-friendly website experience. Like most websites you visit, third parties, authorized by us, place cookies on your computer browser for tasks like keeping track of your viewing preferences, personalizing content, allowing you to view videos and share content via social media sites, and collecting site analytics to help us understand how our site is used. You can review and opt out of our cookies using the 'Show details' tab and checkboxes below. By clicking 'OK' you are opting in to the described cookie usage. View our full SHL Privacy Statement or SHL Cookie Policy Some of the data collected by this provider is for the purposes of personalization and measuring advertising effectiveness. Some of the data collected by this provider is for the purposes of personalization and measuring advertising effectiveness. Some of the data collected by this provider is for the purposes of personalization and measuring advertising effectiveness. Some of the data collected by this provider is for the purposes of personalization and measuring advertising effectiveness. Cookies are small text files that can be used by websites to make a user's experience more efficient. The law states that we can store cookies on your device if they are strictly necessary for the operation of this site. For all other types of cookies, we need your permission. This site uses different types of cookies. Some cookies are placed by third-party services that appear on our pages. Learn more about who we are, how you can contact us, and how we process personal data in our Privacy Policy . We recommend upgrading to a modern browser. If you choose to continue with your current browser we cannot guarantee your experience. Latest browser options Skills & Simulations Speak With Our Team",playwright
https://www.shl.com/products/assessments/skills-and-simulations/call-center-simulations/,https://www.shl.com/products/assessments/skills-and-simulations/call-center-simulations/,Virtual Call Center Simulation and Assessment Software | SHL,SHL’s Call Center Simulations and assessment tool helps you to identify agents with the critical competencies and personality in a real-life call center environment.,"We are committed to providing you with a productive and privacy-friendly website experience. Like most websites you visit, third parties, authorized by us, place cookies on your computer browser for tasks like keeping track of your viewing preferences, personalizing content, allowing you to view videos and share content via social media sites, and collecting site analytics to help us understand how our site is used. You can review and opt out of our cookies using the 'Show details' tab and checkboxes below. By clicking 'OK' you are opting in to the described cookie usage. View our full SHL Privacy Statement or SHL Cookie Policy Some of the data collected by this provider is for the purposes of personalization and measuring advertising effectiveness. Some of the data collected by this provider is for the purposes of personalization and measuring advertising effectiveness. Some of the data collected by this provider is for the purposes of personalization and measuring advertising effectiveness. Some of the data collected by this provider is for the purposes of personalization and measuring advertising effectiveness. Cookies are small text files that can be used by websites to make a user's experience more efficient. The law states that we can store cookies on your device if they are strictly necessary for the operation of this site. For all other types of cookies, we need your permission. This site uses different types of cookies. Some cookies are placed by third-party services that appear on our pages. Learn more about who we are, how you can contact us, and how we process personal data in our Privacy Policy . We recommend upgrading to a modern browser. If you choose to continue with your current browser we cannot guarantee your experience. Latest browser options Skills & Simulations Speak With Our Team",playwright
https://www.shl.com/products/assessments/assessment-and-development-centers/,https://www.shl.com/products/assessments/assessment-and-development-centers/,Virtual Assessment and Development Centers | SHL,Our end-to-end virtual assessment and development centers provide the most efficient and accurate way of identifying potential from anywhere in the world.,"We are committed to providing you with a productive and privacy-friendly website experience. Like most websites you visit, third parties, authorized by us, place cookies on your computer browser for tasks like keeping track of your viewing preferences, personalizing content, allowing you to view videos and share content via social media sites, and collecting site analytics to help us understand how our site is used. You can review and opt out of our cookies using the 'Show details' tab and checkboxes below. By clicking 'OK' you are opting in to the described cookie usage. View our full SHL Privacy Statement or SHL Cookie Policy Some of the data collected by this provider is for the purposes of personalization and measuring advertising effectiveness. Some of the data collected by this provider is for the purposes of personalization and measuring advertising effectiveness. Some of the data collected by this provider is for the purposes of personalization and measuring advertising effectiveness. Some of the data collected by this provider is for the purposes of personalization and measuring advertising effectiveness. Cookies are small text files that can be used by websites to make a user's experience more efficient. The law states that we can store cookies on your device if they are strictly necessary for the operation of this site. For all other types of cookies, we need your permission. This site uses different types of cookies. Some cookies are placed by third-party services that appear on our pages. Learn more about who we are, how you can contact us, and how we process personal data in our Privacy Policy . We recommend upgrading to a modern browser. If you choose to continue with your current browser we cannot guarantee your experience. Latest browser options Speak With Our Team SHL’s end-to-end digital assessment and development centers are the most efficient and accurate way of identifying potential. Our team of 300 people scientists operate in 150 countries, speak over 40 languages, and provide 24-hour support.",playwright
https://www.shl.com/products/assessments/behavioral-assessments/,https://www.shl.com/products/assessments/behavioral-assessments/,Behavioral Assessment Tools | Behavior Assessment Tests | SHL,SHL's behavioral assessments offer an engaging experience to candidates and help you to identify their behavioral fit to the roles.,"We are committed to providing you with a productive and privacy-friendly website experience. Like most websites you visit, third parties, authorized by us, place cookies on your computer browser for tasks like keeping track of your viewing preferences, personalizing content, allowing you to view videos and share content via social media sites, and collecting site analytics to help us understand how our site is used. You can review and opt out of our cookies using the 'Show details' tab and checkboxes below. By clicking 'OK' you are opting in to the described cookie usage. View our full SHL Privacy Statement or SHL Cookie Policy Some of the data collected by this provider is for the purposes of personalization and measuring advertising effectiveness. Some of the data collected by this provider is for the purposes of personalization and measuring advertising effectiveness. Some of the data collected by this provider is for the purposes of personalization and measuring advertising effectiveness. Some of the data collected by this provider is for the purposes of personalization and measuring advertising effectiveness. Cookies are small text files that can be used by websites to make a user's experience more efficient. The law states that we can store cookies on your device if they are strictly necessary for the operation of this site. For all other types of cookies, we need your permission. This site uses different types of cookies. Some cookies are placed by third-party services that appear on our pages. Learn more about who we are, how you can contact us, and how we process personal data in our Privacy Policy . We recommend upgrading to a modern browser. If you choose to continue with your current browser we cannot guarantee your experience. Latest browser options Speak With Our Team SHL’s realistic job previews and situational judgement tests give candidates engaging previews of the role at hand, while helping you to sift the applicant pool for best-fit applicants at scale.",playwright
https://www.shl.com/products/assessments/personality-assessment/shl-occupational-personality-questionnaire-opq/,https://www.shl.com/products/assessments/personality-assessment/shl-occupational-personality-questionnaire-opq/,SHL Occupational Personality Questionnaire OPQ | SHL,"Our occupational personality questionnaire helps you to get accurate, bias-free assessments by matching individual working preferences to business requirements.","We are committed to providing you with a productive and privacy-friendly website experience. Like most websites you visit, third parties, authorized by us, place cookies on your computer browser for tasks like keeping track of your viewing preferences, personalizing content, allowing you to view videos and share content via social media sites, and collecting site analytics to help us understand how our site is used. You can review and opt out of our cookies using the 'Show details' tab and checkboxes below. By clicking 'OK' you are opting in to the described cookie usage. View our full SHL Privacy Statement or SHL Cookie Policy Some of the data collected by this provider is for the purposes of personalization and measuring advertising effectiveness. Some of the data collected by this provider is for the purposes of personalization and measuring advertising effectiveness. Some of the data collected by this provider is for the purposes of personalization and measuring advertising effectiveness. Some of the data collected by this provider is for the purposes of personalization and measuring advertising effectiveness. Cookies are small text files that can be used by websites to make a user's experience more efficient. The law states that we can store cookies on your device if they are strictly necessary for the operation of this site. For all other types of cookies, we need your permission. This site uses different types of cookies. Some cookies are placed by third-party services that appear on our pages. Learn more about who we are, how you can contact us, and how we process personal data in our Privacy Policy . We recommend upgrading to a modern browser. If you choose to continue with your current browser we cannot guarantee your experience. Latest browser options Speak With Our Team SHL Insights",playwright
https://www.shl.com/products/assessments/skills-and-simulations/language-evaluation/,https://www.shl.com/products/assessments/skills-and-simulations/language-evaluation/,Language Proficiency Test | Language Assessment | SHL,"SHL’s AI-powered suite of communication and language proficiency tests automates language assessment, helping you to faster find and hire the right people.","We are committed to providing you with a productive and privacy-friendly website experience. Like most websites you visit, third parties, authorized by us, place cookies on your computer browser for tasks like keeping track of your viewing preferences, personalizing content, allowing you to view videos and share content via social media sites, and collecting site analytics to help us understand how our site is used. You can review and opt out of our cookies using the 'Show details' tab and checkboxes below. By clicking 'OK' you are opting in to the described cookie usage. View our full SHL Privacy Statement or SHL Cookie Policy Some of the data collected by this provider is for the purposes of personalization and measuring advertising effectiveness. Some of the data collected by this provider is for the purposes of personalization and measuring advertising effectiveness. Some of the data collected by this provider is for the purposes of personalization and measuring advertising effectiveness. Some of the data collected by this provider is for the purposes of personalization and measuring advertising effectiveness. Cookies are small text files that can be used by websites to make a user's experience more efficient. The law states that we can store cookies on your device if they are strictly necessary for the operation of this site. For all other types of cookies, we need your permission. This site uses different types of cookies. Some cookies are placed by third-party services that appear on our pages. Learn more about who we are, how you can contact us, and how we process personal data in our Privacy Policy . We recommend upgrading to a modern browser. If you choose to continue with your current browser we cannot guarantee your experience. Latest browser options Skills & Simulations Speak With Our Team",playwright
https://www.shl.com/products/assessments/job-focused-assessments/,https://www.shl.com/products/assessments/job-focused-assessments/,Job-Focused Assessments | Skills Assessments | SHL,Measure the skills needed to succeed in any role with pre-packaged skills assessments. Fast and accurate measurement of job-relevant skills.,"We are committed to providing you with a productive and privacy-friendly website experience. Like most websites you visit, third parties, authorized by us, place cookies on your computer browser for tasks like keeping track of your viewing preferences, personalizing content, allowing you to view videos and share content via social media sites, and collecting site analytics to help us understand how our site is used. You can review and opt out of our cookies using the 'Show details' tab and checkboxes below. By clicking 'OK' you are opting in to the described cookie usage. View our full SHL Privacy Statement or SHL Cookie Policy Some of the data collected by this provider is for the purposes of personalization and measuring advertising effectiveness. Some of the data collected by this provider is for the purposes of personalization and measuring advertising effectiveness. Some of the data collected by this provider is for the purposes of personalization and measuring advertising effectiveness. Some of the data collected by this provider is for the purposes of personalization and measuring advertising effectiveness. Cookies are small text files that can be used by websites to make a user's experience more efficient. The law states that we can store cookies on your device if they are strictly necessary for the operation of this site. For all other types of cookies, we need your permission. This site uses different types of cookies. Some cookies are placed by third-party services that appear on our pages. Learn more about who we are, how you can contact us, and how we process personal data in our Privacy Policy . We recommend upgrading to a modern browser. If you choose to continue with your current browser we cannot guarantee your experience. Latest browser options Job-Focused Assessments Speak to Our Experts",playwright
https://www.shl.com/products/assessments/skills-and-simulations/coding-simulations/,https://www.shl.com/products/assessments/skills-and-simulations/coding-simulations/,Coding Simulations | Coding Skills Assessment | SHL,"Shortlist 45% more candidates within half the usual hiring time with our coding skills assessment for full stack, data engineering, front-end and more roles.","We are committed to providing you with a productive and privacy-friendly website experience. Like most websites you visit, third parties, authorized by us, place cookies on your computer browser for tasks like keeping track of your viewing preferences, personalizing content, allowing you to view videos and share content via social media sites, and collecting site analytics to help us understand how our site is used. You can review and opt out of our cookies using the 'Show details' tab and checkboxes below. By clicking 'OK' you are opting in to the described cookie usage. View our full SHL Privacy Statement or SHL Cookie Policy Some of the data collected by this provider is for the purposes of personalization and measuring advertising effectiveness. Some of the data collected by this provider is for the purposes of personalization and measuring advertising effectiveness. Some of the data collected by this provider is for the purposes of personalization and measuring advertising effectiveness. Some of the data collected by this provider is for the purposes of personalization and measuring advertising effectiveness. Cookies are small text files that can be used by websites to make a user's experience more efficient. The law states that we can store cookies on your device if they are strictly necessary for the operation of this site. For all other types of cookies, we need your permission. This site uses different types of cookies. Some cookies are placed by third-party services that appear on our pages. Learn more about who we are, how you can contact us, and how we process personal data in our Privacy Policy . We recommend upgrading to a modern browser. If you choose to continue with your current browser we cannot guarantee your experience. Latest browser options Skills & Simulations Speak With Our Team",playwright
https://www.shl.com/products/video-interviews/,https://www.shl.com/products/video-interviews/,Video Interview | Video Interview Software | SHL,Screen thousands of candidates quickly with our video interview tool and provide a seamless live video interview experience for shortlisted applicants.,"We are committed to providing you with a productive and privacy-friendly website experience. Like most websites you visit, third parties, authorized by us, place cookies on your computer browser for tasks like keeping track of your viewing preferences, personalizing content, allowing you to view videos and share content via social media sites, and collecting site analytics to help us understand how our site is used. You can review and opt out of our cookies using the 'Show details' tab and checkboxes below. By clicking 'OK' you are opting in to the described cookie usage. View our full SHL Privacy Statement or SHL Cookie Policy Some of the data collected by this provider is for the purposes of personalization and measuring advertising effectiveness. Some of the data collected by this provider is for the purposes of personalization and measuring advertising effectiveness. Some of the data collected by this provider is for the purposes of personalization and measuring advertising effectiveness. Some of the data collected by this provider is for the purposes of personalization and measuring advertising effectiveness. Cookies are small text files that can be used by websites to make a user's experience more efficient. The law states that we can store cookies on your device if they are strictly necessary for the operation of this site. For all other types of cookies, we need your permission. This site uses different types of cookies. Some cookies are placed by third-party services that appear on our pages. Learn more about who we are, how you can contact us, and how we process personal data in our Privacy Policy . We recommend upgrading to a modern browser. If you choose to continue with your current browser we cannot guarantee your experience. Latest browser options Smart Interview Speak With Our Team",playwright
https://www.shl.com/products/assessments/behavioral-assessments/situation-judgement-tests-sjt/,https://www.shl.com/products/assessments/behavioral-assessments/situation-judgement-tests-sjt/,Situational Judgment Tests (SJT) | SHL,"Using our Situational Judgment Tests (SJT), you can measure candidates' behavioral fit to a given role by assessing their response to a specific work situation.","We are committed to providing you with a productive and privacy-friendly website experience. Like most websites you visit, third parties, authorized by us, place cookies on your computer browser for tasks like keeping track of your viewing preferences, personalizing content, allowing you to view videos and share content via social media sites, and collecting site analytics to help us understand how our site is used. You can review and opt out of our cookies using the 'Show details' tab and checkboxes below. By clicking 'OK' you are opting in to the described cookie usage. View our full SHL Privacy Statement or SHL Cookie Policy Some of the data collected by this provider is for the purposes of personalization and measuring advertising effectiveness. Some of the data collected by this provider is for the purposes of personalization and measuring advertising effectiveness. Some of the data collected by this provider is for the purposes of personalization and measuring advertising effectiveness. Some of the data collected by this provider is for the purposes of personalization and measuring advertising effectiveness. Cookies are small text files that can be used by websites to make a user's experience more efficient. The law states that we can store cookies on your device if they are strictly necessary for the operation of this site. For all other types of cookies, we need your permission. This site uses different types of cookies. Some cookies are placed by third-party services that appear on our pages. Learn more about who we are, how you can contact us, and how we process personal data in our Privacy Policy . We recommend upgrading to a modern browser. If you choose to continue with your current browser we cannot guarantee your experience. Latest browser options SHL Behavioral Assessments Speak With Our Team",playwright
https://www.shl.com/products/assessments/skills-and-simulations/,https://www.shl.com/products/assessments/skills-and-simulations/,Skills Assessment Test | Skills Assessment Tool | SHL,Measure practical application and knowledge to scale your search for highly skilled candidates using SHL's skills assessments tools and job simulations.,"We are committed to providing you with a productive and privacy-friendly website experience. Like most websites you visit, third parties, authorized by us, place cookies on your computer browser for tasks like keeping track of your viewing preferences, personalizing content, allowing you to view videos and share content via social media sites, and collecting site analytics to help us understand how our site is used. You can review and opt out of our cookies using the 'Show details' tab and checkboxes below. By clicking 'OK' you are opting in to the described cookie usage. View our full SHL Privacy Statement or SHL Cookie Policy Some of the data collected by this provider is for the purposes of personalization and measuring advertising effectiveness. Some of the data collected by this provider is for the purposes of personalization and measuring advertising effectiveness. Some of the data collected by this provider is for the purposes of personalization and measuring advertising effectiveness. Some of the data collected by this provider is for the purposes of personalization and measuring advertising effectiveness. Cookies are small text files that can be used by websites to make a user's experience more efficient. The law states that we can store cookies on your device if they are strictly necessary for the operation of this site. For all other types of cookies, we need your permission. This site uses different types of cookies. Some cookies are placed by third-party services that appear on our pages. Learn more about who we are, how you can contact us, and how we process personal data in our Privacy Policy . We recommend upgrading to a modern browser. If you choose to continue with your current browser we cannot guarantee your experience. Latest browser options Speak With Our Team SHL’s market-leading portfolio provides far-ranging breadth across roles and industries.",playwright
https://www.shl.com/products/assessments/personality-assessment/shl-motivation-questionnaire-mq/,https://www.shl.com/products/assessments/personality-assessment/shl-motivation-questionnaire-mq/,Motivation Questionnaire | Motivation Assessment Test | SHL,"Build an engaged, high-performing workforce using our motivation questionnaire (MQ) by matching individual employee motivation to team and organizational goals.","We are committed to providing you with a productive and privacy-friendly website experience. Like most websites you visit, third parties, authorized by us, place cookies on your computer browser for tasks like keeping track of your viewing preferences, personalizing content, allowing you to view videos and share content via social media sites, and collecting site analytics to help us understand how our site is used. You can review and opt out of our cookies using the 'Show details' tab and checkboxes below. By clicking 'OK' you are opting in to the described cookie usage. View our full SHL Privacy Statement or SHL Cookie Policy Some of the data collected by this provider is for the purposes of personalization and measuring advertising effectiveness. Some of the data collected by this provider is for the purposes of personalization and measuring advertising effectiveness. Some of the data collected by this provider is for the purposes of personalization and measuring advertising effectiveness. Some of the data collected by this provider is for the purposes of personalization and measuring advertising effectiveness. Cookies are small text files that can be used by websites to make a user's experience more efficient. The law states that we can store cookies on your device if they are strictly necessary for the operation of this site. For all other types of cookies, we need your permission. This site uses different types of cookies. Some cookies are placed by third-party services that appear on our pages. Learn more about who we are, how you can contact us, and how we process personal data in our Privacy Policy . We recommend upgrading to a modern browser. If you choose to continue with your current browser we cannot guarantee your experience. Latest browser options SHL Personality Assessments Speak With Our Team",playwright
https://www.shl.com/products/,https://www.shl.com/products/,Our Products | SHL,SHL products have been carefully designed to produce highly reusable data and to enhance all stages of the talent experience that drive performance and retention.,"We are committed to providing you with a productive and privacy-friendly website experience. Like most websites you visit, third parties, authorized by us, place cookies on your computer browser for tasks like keeping track of your viewing preferences, personalizing content, allowing you to view videos and share content via social media sites, and collecting site analytics to help us understand how our site is used. You can review and opt out of our cookies using the 'Show details' tab and checkboxes below. By clicking 'OK' you are opting in to the described cookie usage. View our full SHL Privacy Statement or SHL Cookie Policy Some of the data collected by this provider is for the purposes of personalization and measuring advertising effectiveness. Some of the data collected by this provider is for the purposes of personalization and measuring advertising effectiveness. Some of the data collected by this provider is for the purposes of personalization and measuring advertising effectiveness. Some of the data collected by this provider is for the purposes of personalization and measuring advertising effectiveness. Cookies are small text files that can be used by websites to make a user's experience more efficient. The law states that we can store cookies on your device if they are strictly necessary for the operation of this site. For all other types of cookies, we need your permission. This site uses different types of cookies. Some cookies are placed by third-party services that appear on our pages. Learn more about who we are, how you can contact us, and how we process personal data in our Privacy Policy . We recommend upgrading to a modern browser. If you choose to continue with your current browser we cannot guarantee your experience. Latest browser options Speak With Our Team Get the precise people answers you need with SHL’s products, including pioneering personality tests, behavioral and skills assessments, coding and language simulations, 360° feedback, AI-powered video interviews, and virtual assessment and development centers.",playwright
https://www.shl.com/products/assessments/skills-and-simulations/technical-skills/,https://www.shl.com/products/assessments/skills-and-simulations/technical-skills/,Technical Skill Assessment | Assess Technical Knowledge | SHL,"SHL Technical Skills assessment helps you to measure knowledge of 180+ technology concepts in less than 15 minutes for Full Stack, Front-end, Data Science, DevOps, and more roles.","We are committed to providing you with a productive and privacy-friendly website experience. Like most websites you visit, third parties, authorized by us, place cookies on your computer browser for tasks like keeping track of your viewing preferences, personalizing content, allowing you to view videos and share content via social media sites, and collecting site analytics to help us understand how our site is used. You can review and opt out of our cookies using the 'Show details' tab and checkboxes below. By clicking 'OK' you are opting in to the described cookie usage. View our full SHL Privacy Statement or SHL Cookie Policy Some of the data collected by this provider is for the purposes of personalization and measuring advertising effectiveness. Some of the data collected by this provider is for the purposes of personalization and measuring advertising effectiveness. Some of the data collected by this provider is for the purposes of personalization and measuring advertising effectiveness. Some of the data collected by this provider is for the purposes of personalization and measuring advertising effectiveness. Cookies are small text files that can be used by websites to make a user's experience more efficient. The law states that we can store cookies on your device if they are strictly necessary for the operation of this site. For all other types of cookies, we need your permission. This site uses different types of cookies. Some cookies are placed by third-party services that appear on our pages. Learn more about who we are, how you can contact us, and how we process personal data in our Privacy Policy . We recommend upgrading to a modern browser. If you choose to continue with your current browser we cannot guarantee your experience. Latest browser options Skills & Simulations Speak With Our Team",playwright
https://www.shl.com/products/assessments/personality-assessment/,https://www.shl.com/products/assessments/personality-assessment/,Personality Assessment Test For Hiring | SHL,"Improve your hiring process with science-backed personality assessments that reveal each candidate’s preferences, motivations, and remote-work capability.","We are committed to providing you with a productive and privacy-friendly website experience. Like most websites you visit, third parties, authorized by us, place cookies on your computer browser for tasks like keeping track of your viewing preferences, personalizing content, allowing you to view videos and share content via social media sites, and collecting site analytics to help us understand how our site is used. You can review and opt out of our cookies using the 'Show details' tab and checkboxes below. By clicking 'OK' you are opting in to the described cookie usage. View our full SHL Privacy Statement or SHL Cookie Policy Some of the data collected by this provider is for the purposes of personalization and measuring advertising effectiveness. Some of the data collected by this provider is for the purposes of personalization and measuring advertising effectiveness. Some of the data collected by this provider is for the purposes of personalization and measuring advertising effectiveness. Some of the data collected by this provider is for the purposes of personalization and measuring advertising effectiveness. Cookies are small text files that can be used by websites to make a user's experience more efficient. The law states that we can store cookies on your device if they are strictly necessary for the operation of this site. For all other types of cookies, we need your permission. This site uses different types of cookies. Some cookies are placed by third-party services that appear on our pages. Learn more about who we are, how you can contact us, and how we process personal data in our Privacy Policy . We recommend upgrading to a modern browser. If you choose to continue with your current browser we cannot guarantee your experience. Latest browser options Improve hiring with science-backed personality tests that reveal each candidate’s preferences, motivations, and remote-work capability. Book a Demo",playwright
https://www.shl.com/products/assessments/cognitive-assessments/,https://www.shl.com/products/assessments/cognitive-assessments/,Cognitive Ability Tests | Cognitive Assessments | SHL,"Measure candidates' potential and ability to learn, adapt, and succeed in any role with SHL's cognitive ability tests and assessments.","We are committed to providing you with a productive and privacy-friendly website experience. Like most websites you visit, third parties, authorized by us, place cookies on your computer browser for tasks like keeping track of your viewing preferences, personalizing content, allowing you to view videos and share content via social media sites, and collecting site analytics to help us understand how our site is used. You can review and opt out of our cookies using the 'Show details' tab and checkboxes below. By clicking 'OK' you are opting in to the described cookie usage. View our full SHL Privacy Statement or SHL Cookie Policy Some of the data collected by this provider is for the purposes of personalization and measuring advertising effectiveness. Some of the data collected by this provider is for the purposes of personalization and measuring advertising effectiveness. Some of the data collected by this provider is for the purposes of personalization and measuring advertising effectiveness. Some of the data collected by this provider is for the purposes of personalization and measuring advertising effectiveness. Cookies are small text files that can be used by websites to make a user's experience more efficient. The law states that we can store cookies on your device if they are strictly necessary for the operation of this site. For all other types of cookies, we need your permission. This site uses different types of cookies. Some cookies are placed by third-party services that appear on our pages. Learn more about who we are, how you can contact us, and how we process personal data in our Privacy Policy . We recommend upgrading to a modern browser. If you choose to continue with your current browser we cannot guarantee your experience. Latest browser options Measure potential to learn, adapt, and perform in any role with SHL Verify Interactive cognitive assessments. Speak with our Team",playwright
https://www.shl.com/products/assessments/behavioral-assessments/universal-competency-framework/,https://www.shl.com/products/assessments/behavioral-assessments/universal-competency-framework/,Universal Competency Framework (UCF) | SHL,"Learn how the Universal Competency Framework (UCF), which provides a rational, consistent, and practical basis for understanding people’s behaviors, can help you.","We are committed to providing you with a productive and privacy-friendly website experience. Like most websites you visit, third parties, authorized by us, place cookies on your computer browser for tasks like keeping track of your viewing preferences, personalizing content, allowing you to view videos and share content via social media sites, and collecting site analytics to help us understand how our site is used. You can review and opt out of our cookies using the 'Show details' tab and checkboxes below. By clicking 'OK' you are opting in to the described cookie usage. View our full SHL Privacy Statement or SHL Cookie Policy Some of the data collected by this provider is for the purposes of personalization and measuring advertising effectiveness. Some of the data collected by this provider is for the purposes of personalization and measuring advertising effectiveness. Some of the data collected by this provider is for the purposes of personalization and measuring advertising effectiveness. Some of the data collected by this provider is for the purposes of personalization and measuring advertising effectiveness. Cookies are small text files that can be used by websites to make a user's experience more efficient. The law states that we can store cookies on your device if they are strictly necessary for the operation of this site. For all other types of cookies, we need your permission. This site uses different types of cookies. Some cookies are placed by third-party services that appear on our pages. Learn more about who we are, how you can contact us, and how we process personal data in our Privacy Policy . We recommend upgrading to a modern browser. If you choose to continue with your current browser we cannot guarantee your experience. Latest browser options SHL Behavioral Assessments Competencies are ‘sets of behaviors that are instrumental in the delivery of desired results’ (Bartram et al, 2002). In the business context they are behaviors that support the attainment of objectives within the context of that specific organization’s strategy. Competencies are sometimes also called ‘capabilities’ but irrespective of the term used, the focus is on ‘behaviors’ not technical knowledge.",playwright
https://www.shl.com/products/assessments/behavioral-assessments/realistic-job-and-culture-previews-rjp/,https://www.shl.com/products/assessments/behavioral-assessments/realistic-job-and-culture-previews-rjp/,Realistic Job and Culture Previews (RJP) | SHL,"With our Realistic Job Previews, candidates can self-assess their fit with the role and with your company through a set of tasks and culture-based questions.","We are committed to providing you with a productive and privacy-friendly website experience. Like most websites you visit, third parties, authorized by us, place cookies on your computer browser for tasks like keeping track of your viewing preferences, personalizing content, allowing you to view videos and share content via social media sites, and collecting site analytics to help us understand how our site is used. You can review and opt out of our cookies using the 'Show details' tab and checkboxes below. By clicking 'OK' you are opting in to the described cookie usage. View our full SHL Privacy Statement or SHL Cookie Policy Some of the data collected by this provider is for the purposes of personalization and measuring advertising effectiveness. Some of the data collected by this provider is for the purposes of personalization and measuring advertising effectiveness. Some of the data collected by this provider is for the purposes of personalization and measuring advertising effectiveness. Some of the data collected by this provider is for the purposes of personalization and measuring advertising effectiveness. Cookies are small text files that can be used by websites to make a user's experience more efficient. The law states that we can store cookies on your device if they are strictly necessary for the operation of this site. For all other types of cookies, we need your permission. This site uses different types of cookies. Some cookies are placed by third-party services that appear on our pages. Learn more about who we are, how you can contact us, and how we process personal data in our Privacy Policy . We recommend upgrading to a modern browser. If you choose to continue with your current browser we cannot guarantee your experience. Latest browser options Speak With Our Team Preview roles and fit with realistic job previews.",playwright
https://www.shl.com/products/video-interviews/smart-interview-on-demand/,https://www.shl.com/products/video-interviews/smart-interview-on-demand/,Smart Video Interview On Demand | Online Video Assessment | SHL,Smart screening through recorded video interviews helps you shortlist top talent faster and uncover hidden gems you might have missed.,"We are committed to providing you with a productive and privacy-friendly website experience. Like most websites you visit, third parties, authorized by us, place cookies on your computer browser for tasks like keeping track of your viewing preferences, personalizing content, allowing you to view videos and share content via social media sites, and collecting site analytics to help us understand how our site is used. You can review and opt out of our cookies using the 'Show details' tab and checkboxes below. By clicking 'OK' you are opting in to the described cookie usage. View our full SHL Privacy Statement or SHL Cookie Policy Some of the data collected by this provider is for the purposes of personalization and measuring advertising effectiveness. Some of the data collected by this provider is for the purposes of personalization and measuring advertising effectiveness. Some of the data collected by this provider is for the purposes of personalization and measuring advertising effectiveness. Some of the data collected by this provider is for the purposes of personalization and measuring advertising effectiveness. Cookies are small text files that can be used by websites to make a user's experience more efficient. The law states that we can store cookies on your device if they are strictly necessary for the operation of this site. For all other types of cookies, we need your permission. This site uses different types of cookies. Some cookies are placed by third-party services that appear on our pages. Learn more about who we are, how you can contact us, and how we process personal data in our Privacy Policy . We recommend upgrading to a modern browser. If you choose to continue with your current browser we cannot guarantee your experience. Latest browser options Smart Interview On Demand Speak With Our Team",playwright
https://www.shl.com/products/video-feedback/,https://www.shl.com/products/video-feedback/,Personalized Video Feedback | Effective Feedback | SHL,"SHL's Video Feedback is a scalable, automated way for brands to instantly feedback to thousands of candidates, with no extra time investment.","We are committed to providing you with a productive and privacy-friendly website experience. Like most websites you visit, third parties, authorized by us, place cookies on your computer browser for tasks like keeping track of your viewing preferences, personalizing content, allowing you to view videos and share content via social media sites, and collecting site analytics to help us understand how our site is used. You can review and opt out of our cookies using the 'Show details' tab and checkboxes below. By clicking 'OK' you are opting in to the described cookie usage. View our full SHL Privacy Statement or SHL Cookie Policy Some of the data collected by this provider is for the purposes of personalization and measuring advertising effectiveness. Some of the data collected by this provider is for the purposes of personalization and measuring advertising effectiveness. Some of the data collected by this provider is for the purposes of personalization and measuring advertising effectiveness. Some of the data collected by this provider is for the purposes of personalization and measuring advertising effectiveness. Cookies are small text files that can be used by websites to make a user's experience more efficient. The law states that we can store cookies on your device if they are strictly necessary for the operation of this site. For all other types of cookies, we need your permission. This site uses different types of cookies. Some cookies are placed by third-party services that appear on our pages. Learn more about who we are, how you can contact us, and how we process personal data in our Privacy Policy . We recommend upgrading to a modern browser. If you choose to continue with your current browser we cannot guarantee your experience. Latest browser options SHL Video Feedback Speak With Our Team",playwright
